State,Year,Forest,Barren,Others,Fallow,Cropped
1,2000,0,25536,76574,77455,242299
1,2001,0,25536,76574,77455,247739
1,2002,0,25586,76574,77455,255212
1,2003,0,63613,120303,109094,254000
1,2004,0,64904,121765,109218,255000
1,2005,0,64882,121901,109210,266000
1,2006,0,64922,121900,109279,271000
1,2007,0,64463,122195,109608,272000
1,2008,0,64471,120261,109500,275500
1,2009,0,64462,120440,109648,276000
1,2010,0,64462,119943,109143,278000
1,2011,0,64402,119355,108181,281017
1,2012,0,64402,118920,107182,284573
1,2013,5129677,64402,116380,100782,295577
1,2014,5129677,61979,115380,100618,299000
1,2015,0,61979,114489,100173,301112
1,2016,0,61979,113489,95673,313200
1,2017,0,61979,112989,95763,316417
1,2018,0,61979,112989,94673,319895
1,2019,0,61979,112989,94193,320388
1,2020,0,61979,112759,94123,327942
1,2021,0,0,0,0,0
1,2022,0,0,0,0,0
1,2023,0,0,0,0,0
1,2024,0,0,0,0,0
2,2000,5813000,1842000,1317000,770000,7877960
2,2001,5813000,1842000,1317000,754000,8798650
2,2002,5813000,1842000,1317000,919000,7852560
2,2003,5813000,1842000,1317000,804000,8636590
2,2004,5813000,1842000,1317000,860000,8717921
2,2005,5813000,1842000,1317000,908000,8928390
2,2006,862930,74656,177074,158159,405842
2,2007,5813000,2138000,1211000,785000,9015820
2,2008,5813000,2138000,1211000,805000,9070620
2,2009,5813547,2306000,1223000,1432000,5510044
2,2010,5813547,2279000,1253000,1444000,5428784
2,2011,5813547,2297000,1244000,1619000,4964475
2,2012,5813547,2409000,1285000,1608000,5068591
2,2013,5813547,2332000,1315000,1511000,5167661
2,2014,5813547,2396000,1285000,1549000,5173003
2,2015,1924000,2430000,1302000,1683000,4802647
2,2016,1897000,2436000,1333000,1770000,4884260
2,2017,1925000,2353000,1401000,1993000,4501826
2,2018,1912000,2419000,1365000,1827000,4526995
2,2019,1963000,2331000,1372000,1760000,4669753
2,2020,1850000,2485000,1356000,1658000,4819259
2,2021,0,0,0,0,0
2,2022,0,0,0,0,0
2,2023,0,0,0,0,0
2,2024,0,0,0,0,0
3,2000,0,26900,8055,200,208500
3,2001,0,0,0,0,216160
3,2002,5149700,2915400,2454000,3043700,20915500
3,2003,0,0,0,0,217420
3,2004,0,0,0,0,179530
3,2005,0,0,0,0,0
3,2006,0,0,0,0,0
3,2007,0,0,0,0,0
3,2008,0,0,0,0,0
3,2009,0,0,0,0,0
3,2010,0,0,0,0,0
3,2011,0,0,0,0,0
3,2012,0,0,0,0,0
3,2013,0,0,0,0,0
3,2014,0,0,0,0,0
3,2015,0,0,0,0,0
3,2016,0,0,0,0,0
3,2017,0,0,0,0,0
3,2018,0,0,0,0,0
3,2019,0,0,0,0,0
3,2020,0,0,0,0,0
3,2021,0,0,0,0,0
3,2022,0,0,0,0,0
3,2023,0,0,0,0,0
3,2024,0,0,0,0,0
4,2000,2606093,4305645,6628637,4859466,19230240
4,2001,2645097,4272203,6442262,4140665,20798311
4,2002,2651014,4278953,6582075,9947231,13217538
4,2003,2660600,4259109,6269106,3682903,21664038
4,2004,2660816,4266913,6325028,4464498,21334486
4,2005,2674961,4262260,6318715,4173666,21699348
4,2006,2697575,4262060,6337091,4204437,21533809
4,2007,2726690,4264426,6291626,3891287,22208291
4,2008,2727944,4265141,6052329,3673058,22771259
4,2009,2735445,4267633,6189617,4102834,21744877
4,2010,2742705,4267932,5948808,2961631,26001788
4,2011,0,0,0,0,0
4,2012,2749812,4275172,5869865,3893610,23953602
4,2013,2757735,4274149,5717844,3249827,26119527
4,2014,2739819,4343013,5738312,3924829,24235354
4,2015,2751867,4340113,5587835,3563187,25013704
4,2016,255408,536283,26688,84219,7804364
4,2017,2755703,4365999,5528090,3734161,25069010
4,2018,2760127,4375272,5478146,3895421,25313351
4,2019,2769790,4378847,5412194,3697764,27515432
4,2020,2771530,4377403,5424021,3768283,26099974
4,2021,0,0,0,0,0
4,2022,0,0,0,0,0
4,2023,0,0,0,0,0
4,2024,0,0,0,0,0
5,2000,616446,2074594,295365,710586,7992279
5,2001,621635,2078572,298602,697207,7896888
5,2002,621635,2079382,300660,632412,7957402
5,2003,621635,2080880,301773,643192,7882377
5,2004,621635,2081892,302718,780921,7399318
5,2005,621635,2082759,303395,795593,7396492
5,2006,621635,2082950,303499,686362,7718948
5,2007,621635,2084753,303025,687951,7764646
5,2008,621635,2102222,304159,777469,7670934
5,2009,621635,2121439,305136,979625,7295805
5,2010,621635,2131457,305628,1042149,7194000
5,2011,621635,2134254,305506,902428,7646756
5,2012,621635,2140090,306963,888486,7777518
5,2013,621635,2143999,307710,1033973,7580142
5,2014,621635,2143809,307811,1007997,7672952
5,2015,621635,2144739,307640,1080658,7572417
5,2016,621635,2150305,307606,987088,7654357
5,2017,621635,2150029,307513,1038419,7525181
5,2018,621635,2150280,307325,1113174,7406378
5,2019,621635,2165829,308509,1186462,7296812
5,2020,621635,2182455,308540,1201582,7264538
5,2021,0,0,0,0,0
5,2022,0,0,0,0,0
5,2023,0,0,0,0,0
5,2024,0,0,0,0,0
6,2000,0,0,0,0,0
6,2001,0,0,0,0,0
6,2002,0,0,0,0,0
6,2003,0,0,0,0,0
6,2004,0,0,0,0,0
6,2005,0,0,0,0,0
6,2006,0,0,0,0,0
6,2007,0,0,0,0,0
6,2008,2105906,2664505,702415,2510923,5824248
6,2009,0,0,0,0,0
6,2010,0,0,0,0,0
6,2011,0,0,0,0,0
6,2012,2125475,2672415,687138,3003848,5139832
6,2013,0,0,0,0,0
6,2014,0,21700,0,0,0
6,2015,0,21700,0,0,0
6,2016,2646812,1379438,568993,1523992,5477964
6,2017,2646812,1361738,568993,1458200,5530169
6,2018,2353355,1322974,551247,1657128,5215398
6,2019,2683795,1418779,545418,997053,7238236
6,2020,2753605,1418767,469850,575299,8226638
6,2021,0,0,0,0,0
6,2022,0,0,0,0,0
6,2023,0,0,0,0,0
6,2024,0,0,0,0,0
7,2000,0,0,0,0,0
7,2001,0,0,0,0,0
7,2002,0,0,0,0,0
7,2003,0,0,0,0,0
7,2004,0,0,0,0,0
7,2005,0,0,0,0,0
7,2006,0,0,0,0,0
7,2007,0,0,0,0,0
7,2008,0,0,0,0,0
7,2009,0,0,0,0,0
7,2010,0,0,0,0,0
7,2011,0,0,0,0,0
7,2012,0,0,0,0,0
7,2013,0,0,0,0,0
7,2014,0,0,0,0,0
7,2015,0,0,0,0,0
7,2016,0,0,0,0,0
7,2017,0,0,0,0,0
7,2018,0,0,0,0,0
7,2019,0,0,0,0,0
7,2020,0,515,0,0,2290
7,2021,0,0,0,0,0
7,2022,0,0,0,0,0
7,2023,0,0,0,0,0
7,2024,0,0,0,0,0
8,2000,0,0,0,0,0
8,2001,0,0,0,0,0
8,2002,0,0,0,0,0
8,2003,0,0,0,0,0
8,2004,0,0,0,0,0
8,2005,0,0,0,0,0
8,2006,0,0,0,0,0
8,2007,0,0,0,0,0
8,2008,0,0,0,0,0
8,2009,0,0,0,0,0
8,2010,0,0,0,0,0
8,2011,0,0,0,0,0
8,2012,0,0,0,0,0
8,2013,0,0,0,0,0
8,2014,0,0,0,0,0
8,2015,0,0,0,0,0
8,2016,0,0,0,0,0
8,2017,0,0,0,0,0
8,2018,0,0,0,0,0
8,2019,0,0,0,0,0
8,2020,0,515,0,0,2290
8,2021,0,0,0,0,0
8,2022,0,0,0,0,0
8,2023,0,0,0,0,0
8,2024,0,0,0,0,0
9,2000,0,0,0,0,0
9,2001,0,0,0,0,0
9,2002,0,0,0,0,0
9,2003,0,0,0,0,0
9,2004,0,0,0,0,0
9,2005,0,0,0,0,0
9,2006,0,0,0,0,0
9,2007,0,0,0,0,0
9,2008,0,0,0,0,0
9,2009,0,0,0,0,0
9,2010,0,0,0,0,0
9,2011,0,0,0,0,0
9,2012,0,0,0,0,0
9,2013,0,0,0,0,0
9,2014,0,0,0,0,0
9,2015,0,0,0,0,0
9,2016,0,0,0,0,0
9,2017,0,0,0,0,0
9,2018,0,0,0,0,0
9,2019,0,0,0,0,0
9,2020,0,0,0,0,0
9,2021,0,0,0,0,0
9,2022,0,0,0,0,0
9,2023,0,0,0,0,0
9,2024,0,0,0,0,0
10,2000,1081509,411191,74830,111841,3021682
10,2001,1081509,422080,77617,113601,2992252
10,2002,1081509,422921,82551,109979,2970384
10,2003,1081509,424783,78432,109940,2954454
10,2004,1081509,458975,80577,109551,2996293
10,2005,1081509,481025,75933,115337,2985727
10,2006,1081509,475004,99548,128795,2917541
10,2007,1081509,488205,99377,128167,2761094
10,2008,1081509,499685,102424,113714,2694943
10,2009,1081509,501079,102665,122319,2668678
10,2010,1081509,509792,95508,127971,2647461
10,2011,1081509,531032,98888,134726,2661757
10,2012,1081509,524577,99513,132579,2591734
10,2013,1081509,525864,99598,128322,2616670
10,2014,1081509,538493,103334,120070,2624624
10,2015,1081509,554282,102162,125261,2627577
10,2016,1081509,557929,103829,127538,2584006
10,2017,1081509,558644,98736,106983,2579701
10,2018,1081509,569530,98616,103006,2571095
10,2019,1081509,572443,101953,104318,2586452
10,2020,1081509,576248,96396,97009,2568967
10,2021,0,0,0,0,0
10,2022,0,0,0,0,0
10,2023,0,0,0,0,0
10,2024,0,0,0,0,0
11,2000,0,0,0,0,0
11,2001,0,0,0,0,0
11,2002,0,0,0,0,0
11,2003,0,0,0,0,0
11,2004,0,0,0,0,0
11,2005,0,0,0,0,0
11,2006,0,0,0,0,0
11,2007,0,0,0,0,0
11,2008,0,0,0,0,0
11,2009,0,0,0,0,0
11,2010,0,0,0,0,0
11,2011,0,0,0,0,0
11,2012,0,0,0,0,0
11,2013,0,0,0,0,0
11,2014,0,0,0,0,0
11,2015,0,0,0,0,0
11,2016,0,0,0,0,0
11,2017,0,0,0,0,0
11,2018,0,0,0,0,0
11,2019,0,0,0,0,0
11,2020,0,0,0,0,0
11,2021,0,0,0,0,0
11,2022,0,0,0,0,0
11,2023,0,0,0,0,0
11,2024,0,0,0,0,0
12,2000,5149700,2907900,2453900,2402700,21618500
12,2001,5149700,2912400,2453900,3020000,20991000
12,2002,5149700,2915400,2454000,3043700,20915500
12,2003,0,0,0,0,0
12,2004,0,0,0,0,0
12,2005,0,0,0,0,0
12,2006,0,0,0,0,0
12,2007,0,0,0,0,0
12,2008,0,0,0,0,0
12,2009,8688874,3431507,2508423,1155374,21411401
12,2010,0,0,0,0,0
12,2011,0,0,0,0,0
12,2012,0,0,0,0,0
12,2013,0,0,0,0,0
12,2014,0,0,0,0,0
12,2015,0,0,0,0,0
12,2016,0,0,0,0,0
12,2017,0,0,0,0,0
12,2018,0,0,0,0,0
12,2019,0,0,0,0,0
12,2020,0,0,0,0,0
12,2021,0,0,0,0,0
12,2022,0,0,0,0,0
12,2023,0,0,0,0,0
12,2024,0,0,0,0,0
13,2000,1686004,3007390,934491,1655805,25014777
13,2001,1678480,3068089,933461,1619677,25127607
13,2002,1678480,3089607,900639,1842703,24009834
13,2003,1675956,3102513,883108,1696360,25108160
13,2004,1677797,3136262,854266,1755522,25210376
13,2005,1648305,3170610,870014,1788358,24990663
13,2006,1651226,3191848,867668,1795180,25097467
13,2007,1652475,3223112,870545,1915561,25004430
13,2008,1656296,3232145,859369,1768872,25154833
13,2009,1656227,3249982,848464,1733551,25148324
13,2010,1652146,3274948,838733,1719008,25319320
13,2011,0,0,0,0,0
13,2012,1658068,3371403,838645,1738506,25820707
13,2013,1658153,3491436,800973,1674004,25895877
13,2014,1658608,3507535,775526,1630742,26147116
13,2015,1666173,3576216,750990,1707892,26203317
13,2016,1666317,3591613,739002,1609825,26948520
13,2017,1671096,3606762,738180,1612602,26864140
13,2018,1714612,3610677,726601,1580886,26858658
13,2019,1770751,3715750,706387,1610035,27108875
13,2020,0,0,0,0,0
13,2021,0,0,0,0,0
13,2022,0,0,0,0,0
13,2023,0,0,0,0,0
13,2024,0,0,0,0,0
14,2000,0,0,0,0,68793
14,2001,0,0,0,0,75791
14,2002,0,0,0,0,78512
14,2003,0,0,0,0,82855
14,2004,0,0,0,0,82211
14,2005,0,0,0,0,83125
14,2006,0,0,0,0,73396
14,2007,0,0,0,0,96041
14,2008,0,0,0,0,94985
14,2009,1585305,94962,50660,246823,122865
14,2010,1585305,94962,49443,248869,120750
14,2011,1585305,95026,52818,244303,97282
14,2012,1585305,95130,53033,244411,115979
14,2013,1585305,99530,85612,208205,113878
14,2014,1585305,75248,59849,173885,144701
14,2015,0,0,0,0,0
14,2016,940164,240401,548938,213883,308580
14,2017,0,0,0,0,0
14,2018,0,0,0,0,0
14,2019,0,0,0,0,0
14,2020,0,0,0,0,0
14,2021,0,0,0,0,0
14,2022,0,0,0,0,0
14,2023,0,0,0,0,0
14,2024,0,0,0,0,0
15,2000,3465057,462491,866760,107446,1222315
15,2001,3465057,461966,866106,102302,1219008
15,2002,3467918,464615,867967,112415,1208061
15,2003,3465057,462958,865932,113770,1221510
15,2004,1677797,3136262,854266,1755522,25210376
15,2005,3465057,466674,862951,103514,1212342
15,2006,1651226,3191848,867668,1795180,25097467
15,2007,3483872,440867,885189,107627,1187409
15,2008,3485847,441014,885868,106128,1193193
15,2009,3484803,440907,891325,118762,1166380
15,2010,3484803,442412,894464,127793,1169697
15,2011,0,0,0,0,0
15,2012,3484803,448840,896615,136288,1124404
15,2013,3799953,450189,898179,142921,1099185
15,2014,3799953,451992,896878,143610,1096834
15,2015,3799953,453361,897521,143356,1082704
15,2016,3799953,454936,897136,150017,1081797
15,2017,3811662,435356,925156,159609,1059531
15,2018,3811662,434670,930709,177095,1029014
15,2019,1770751,3715750,706387,1610035,27108875
15,2020,3811662,437674,940575,191013,996826
15,2021,0,0,0,0,0
15,2022,0,0,0,0,0
15,2023,0,0,0,0,0
15,2024,0,0,0,0,0
16,2000,6199225,4704988,1669609,3728713,13545133
16,2001,6199225,4725606,1653684,4428870,12756360
16,2002,6199225,4763895,1653745,5185643,11558629
16,2003,6199225,4752295,1653745,4693498,12366370
16,2004,6199225,4668457,1648285,4469341,12518548
16,2005,6199225,4769728,1645843,4057214,13362084
16,2006,6210369,4758857,1617648,4749156,12810880
16,2007,6210369,4762236,1535438,4219198,13566996
16,2008,6210369,4775614,1517157,4111317,13830091
16,2009,6210369,4786078,1507680,4987218,12560466
16,2010,6229899,4877091,1470550,3718793,14512257
16,2011,6229899,4805742,1455111,3831442,13759374
16,2012,6227219,4811023,1380412,3947374,13649960
16,2013,6236331,4924756,1356913,3555741,14415256
16,2014,6203379,4823056,1357763,4465608,13005153
16,2015,6228562,4856088,1372264,4642716,12424735
16,2016,3739237,3473402,805492,2515679,7910070
16,2017,3739237,3479347,802438,2502349,7973475
16,2018,3731324,3457549,794517,2482353,7620229
16,2019,3702476,3435119,783289,2390146,7527257
16,2020,3702507,3440340,771277,2358489,7659531
16,2021,0,0,0,0,0
16,2022,0,0,0,0,0
16,2023,0,0,0,0,0
16,2024,0,0,0,0,0
17,2000,115494,469287,59595,231955,6115418
17,2001,44841,526492,61426,172895,6318005
17,2002,45347,568763,66651,235850,6031956
17,2003,45225,531726,66622,196376,6388045
17,2004,44120,524386,65337,212565,6425077
17,2005,44458,518136,68152,174779,6503736
17,2006,39441,523937,103881,148611,6393834
17,2007,39501,560596,65974,111687,6458019
17,2008,39927,573250,72039,110568,6484111
17,2009,39544,573585,70076,137991,6351156
17,2010,38545,624114,65088,124624,6504866
17,2011,39205,606480,64175,148998,6488889
17,2012,39551,643190,55086,120990,6375542
17,2013,38966,661812,50690,122818,6471190
17,2014,37623,653340,50651,108102,6535654
17,2015,41041,507558,77608,223133,6510352
17,2016,39605,563860,67714,201177,6451853
17,2017,35577,552612,79304,186841,6548944
17,2018,35428,445340,149320,140898,6604878
17,2019,2118841,3496426,2711527,696590,13815653
17,2020,32451,339186,254707,134411,6565572
17,2021,0,0,0,0,0
17,2022,0,0,0,0,0
17,2023,0,0,0,0,0
17,2024,0,0,0,0,0
18,2000,0,0,0,0,0
18,2001,0,0,0,0,0
18,2002,0,0,0,0,0
18,2003,0,0,0,0,0
18,2004,0,0,0,0,0
18,2005,0,0,0,0,0
18,2006,0,0,0,0,0
18,2007,0,0,0,0,0
18,2008,0,0,0,0,0
18,2009,0,0,0,0,0
18,2010,0,0,0,0,0
18,2011,0,0,0,0,0
18,2012,0,0,0,0,0
18,2013,0,0,0,0,0
18,2014,0,0,0,0,0
18,2015,0,0,0,0,0
18,2016,0,0,0,0,0
18,2017,0,0,0,0,0
18,2018,0,0,0,0,0
18,2019,0,0,0,0,0
18,2020,0,0,0,0,0
18,2021,0,0,0,0,0
18,2022,0,0,0,0,0
18,2023,0,0,0,0,0
18,2024,0,0,0,0,0
19,2000,0,1120946,1710535,67662,947542
19,2001,1098661,1124043,1701032,69380,955740
19,2002,1099447,1125464,1698203,75457,945205
19,2003,1099055,1126010,1705912,72661,955614
19,2004,1101013,1130167,1696606,74523,952510
19,2005,1100853,1129395,1699325,76236,943517
19,2006,1101046,1131374,1693623,78094,943784
19,2007,1102960,1122781,1703859,77773,954498
19,2008,1103036,1121757,1706187,79169,946127
19,2009,1105997,1132053,1700448,82100,940597
19,2010,1125742,1131192,1696548,78791,938641
19,2011,1126124,1127288,1695771,76419,931862
19,2012,1124228,1123944,1698653,80820,933504
19,2013,1126169,1121268,1700842,79056,939807
19,2014,1126745,1126767,1700243,75298,918203
19,2015,1126831,1132495,1690318,76202,932592
19,2016,1125386,1131405,1696274,77121,959223
19,2017,1123882,1135804,1688657,85376,917393
19,2018,1125020,1132800,1692475,83900,914014
19,2019,1123172,1133259,1688045,102077,891926
19,2020,1123800,1131032,1695144,102114,898583
19,2021,0,0,0,0,0
19,2022,0,0,0,0,0
19,2023,0,0,0,0,0
19,2024,0,0,0,0,0
20,2000,3068353,2106146,1689197,1775688,12284398
20,2001,3069980,2113311,1681163,2153890,11669750
20,2002,3070330,2119660,1678185,2344041,11531576
20,2003,3070941,2123653,1667589,2341047,11450313
20,2004,3070293,2127821,1662967,1689278,12807402
20,2005,3071833,2136942,1647102,1684314,13026714
20,2006,3071833,2150894,1642609,2080038,12438309
20,2007,3071833,2157057,1634659,1767495,12892671
20,2008,3071833,2162675,1626011,2015728,12368443
20,2009,3071833,2173931,1614677,1785288,12873308
20,2010,3071833,2216990,1612768,1625592,13062163
20,2011,3071833,2219577,1606690,2210337,12059367
20,2012,3073376,2222224,1603652,2357756,11747857
20,2013,3073376,2230243,1597935,2225175,12266906
20,2014,3073376,2247684,1590405,2094779,12246635
20,2015,3073376,2269261,1591947,2109143,12008579
20,2016,3073376,2287519,1580667,2253506,11778938
20,2017,3073376,2294475,1579420,2207468,11993633
20,2018,3073376,2274331,1526772,1511160,13551039
20,2019,3073376,2262532,1499222,1410948,13830703
20,2020,3073376,2258891,1476867,787634,14909500
20,2021,0,0,0,0,0
20,2022,0,0,0,0,0
20,2023,0,0,0,0,0
20,2024,0,0,0,0,0
21,2000,0,0,0,0,0
21,2001,0,0,0,0,0
21,2002,0,0,0,0,0
21,2003,0,0,0,0,0
21,2004,0,0,0,0,0
21,2005,0,0,0,0,0
21,2006,0,0,0,0,0
21,2007,0,0,0,0,0
21,2008,0,0,0,0,0
21,2009,0,0,0,0,0
21,2010,0,0,0,0,0
21,2011,0,0,0,0,0
21,2012,0,0,0,0,0
21,2013,0,0,0,0,0
21,2014,0,0,0,0,0
21,2015,0,0,0,0,0
21,2016,0,0,0,0,0
21,2017,0,0,0,0,0
21,2018,0,0,0,0,0
21,2019,0,0,0,0,0
21,2020,643928,525186,326432,119619,1111728
21,2021,0,0,0,0,0
21,2022,0,0,0,0,0
21,2023,0,0,0,0,0
21,2024,0,0,0,0,0
22,2000,6302598,1023100,1189045,508917,5327068
22,2001,6247068,1028786,1186485,474197,5596343
22,2002,6299652,1034265,1193902,507971,5445741
22,2003,6299585,1038624,1192262,480426,5706605
22,2004,6299803,1044737,1187653,487347,5715837
22,2005,621635,2082759,303395,795593,7396492
22,2006,5222204,966435,1148157,482124,5631684
22,2007,6349995,998936,1201153,512894,5747611
22,2008,6366752,1076286,1295177,529491,6287339
22,2009,6349177,1011662,1210949,534632,5561453
22,2010,6336495,1018752,1210506,527541,5671460
22,2011,4796502,801661,879268,416916,4000721
22,2012,6352413,1024190,1219814,521950,5690855
22,2013,1840191,1027061,1231871,513907,5697707
22,2014,6315530,1029560,1238612,525394,5727723
22,2015,6314198,1026924,1253055,544684,5640317
22,2016,6317281,1028143,1249975,530229,5673420
22,2017,6313701,1031457,1249340,541843,5540239
22,2018,6303503,1027110,1256221,522245,5613579
22,2019,6160496,1027173,1250770,538751,5667010
22,2020,0,0,0,0,0
22,2021,0,0,0,0,0
22,2022,0,0,0,0,0
22,2023,0,0,0,0,0
22,2024,0,0,0,0,0
23,2000,950510,223393,596395,226535,276754
23,2001,950533,223384,596359,226551,277732
23,2002,950792,223400,596363,226527,284738
23,2003,0,0,0,0,217420
23,2004,941786,227945,608717,229760,264855
23,2005,941786,227484,610847,235375,257509
23,2006,941774,227997,607712,236768,246333
23,2007,943759,227009,593708,227310,283228
23,2008,948133,225921,553444,215453,337394
23,2009,946318,230525,555840,213292,336416
23,2010,946116,237547,554532,213309,337853
23,2011,0,0,0,0,0
23,2012,946127,239248,555039,215241,339725
23,2013,946197,239041,555234,215331,342885
23,2014,946201,239690,554579,215253,343431
23,2015,946248,238432,549453,212691,302635
23,2016,940164,240401,548938,213883,308580
23,2017,928815,254238,548970,210887,309205
23,2018,910259,274639,546020,210049,312168
23,2019,913824,271533,544728,210633,312913
23,2020,913428,272068,544907,212020,309423
23,2021,0,0,0,0,0
23,2022,0,0,0,0,0
23,2023,0,0,0,0,0
23,2024,0,0,0,0,0
24,2000,0,0,0,0,0
24,2001,0,0,0,0,0
24,2002,0,0,0,0,0
24,2003,0,0,0,0,0
24,2004,0,0,0,0,0
24,2005,0,0,0,0,0
24,2006,0,0,0,0,0
24,2007,0,0,0,0,0
24,2008,0,0,0,0,0
24,2009,0,0,0,0,0
24,2010,0,0,0,0,0
24,2011,0,0,0,0,0
24,2012,0,0,0,0,0
24,2013,0,0,0,0,0
24,2014,0,0,0,0,0
24,2015,0,0,0,0,0
24,2016,0,0,0,0,0
24,2017,0,0,0,0,0
24,2018,0,0,0,0,0
24,2019,0,0,0,0,0
24,2020,0,0,0,0,0
24,2021,0,0,0,0,0
24,2022,0,0,0,0,0
24,2023,0,0,0,0,0
24,2024,0,0,0,0,0
25,2000,606168,132640,27751,3610,279000
25,2001,606168,133291,26100,3610,280000
25,2002,606168,133291,26100,3610,283095
25,2003,606168,133291,26100,3610,283267
25,2004,606168,134000,25391,3610,281403
25,2005,606168,133291,27210,3610,280000
25,2006,629266,138754,21752,4320,275778
25,2007,629429,139163,20806,5862,275806
25,2008,629426,139178,20613,4366,263320
25,2009,629426,140693,19656,3870,453043
25,2010,629426,141896,19191,3240,469984
25,2011,0,0,0,0,0
25,2012,629426,144443,16997,3093,474369
25,2013,629426,145390,16060,3225,474499
25,2014,629426,146155,15361,2863,483488
25,2015,629426,146920,14642,2731,485677
25,2016,629426,147413,14347,2493,490540
25,2017,629426,147979,14245,2424,486770
25,2018,629426,148304,13647,2244,487000
25,2019,629426,148691,13540,2144,487000
25,2020,629426,148988,13204,2085,487400
25,2021,0,0,0,0,0
25,2022,0,0,0,0,0
25,2023,0,0,0,0,0
25,2024,0,0,0,0,0
26,2000,1190436,1594226,98468,387195,9116597
26,2001,1184165,1573177,97817,317938,9778815
26,2002,1193639,1633426,97921,407457,9510423
26,2003,1171293,1636038,97030,355488,9661325
26,2004,1174771,1699993,99241,339341,9522930
26,2005,1174977,1753328,111110,348837,9532607
26,2006,1173787,1754346,96584,363391,9634535
26,2007,1173669,1783437,100273,330961,9751508
26,2008,1173669,1813790,93901,308713,9801516
26,2009,1173669,1820274,92121,342242,9530276
26,2010,1173669,1839970,86808,602444,8832348
26,2011,0,0,0,0,0
26,2012,1173669,1834325,76367,394850,9458675
26,2013,1173669,1845770,69428,361520,9618451
26,2014,1173669,1853105,68774,350179,9689920
26,2015,1173669,1860161,68139,338756,9881354
26,2016,1175161,1873991,66756,322448,9618250
26,2017,1175161,1882185,64157,315278,9945032
26,2018,1175161,1892182,61898,306615,9959546
26,2019,1175161,1898633,55573,304986,10099923
26,2020,1175161,1905375,55998,265329,10207279
26,2021,0,0,0,0,0
26,2022,0,0,0,0,0
26,2023,0,0,0,0,0
26,2024,0,0,0,0,0
27,2000,1932718,2532151,444985,146875,4091699
27,2001,1932718,2533319,445255,164249,3983640
27,2002,1932718,2533382,445255,185656,3958065
27,2003,0,63613,120303,109094,254000
27,2004,0,0,0,0,0
27,2005,1954012,2511977,445255,185782,3949040
27,2006,1954012,2511977,445255,185782,3763284
27,2007,1853260,2625545,432439,185782,3838732
27,2008,1853260,2625545,432439,128318,3998826
27,2009,1853260,2625545,432439,128164,4099462
27,2010,1853260,2625545,432439,128164,4159525
27,2011,1853260,2620445,433539,132164,4174023
27,2012,1855165,2459320,546263,174526,4075871
27,2013,1852676,2465913,533820,171882,4099561
27,2014,1852676,2460317,528757,174726,4082594
27,2015,1852676,2481525,525730,182397,4059934
27,2016,0,61979,113489,95673,313200
27,2017,1852694,2509166,560694,198716,4045496
27,2018,1852695,2514657,553575,199407,4004462
27,2019,1852695,2522129,553004,216505,3974812
27,2020,1828936,2532890,537139,208452,3888368
27,2021,0,0,0,0,0
27,2022,0,0,0,0,0
27,2023,0,0,0,0,0
27,2024,0,0,0,0,0
28,2000,8655004,3237341,2805563,1393939,17870415
28,2001,8682798,3255409,2717675,1240606,19043756
28,2002,8680951,3307325,2627373,1622356,18078221
28,2003,8683140,3350413,2556882,1219886,19788168
28,2004,8688481,3364098,2536245,1191862,20202639
28,2005,8691548,3388579,2519323,1185336,19607592
28,2006,8698529,3397273,2543760,1380829,20113059
28,2007,8702552,3391789,2540750,1433490,20416071
28,2008,8678297,3329006,2423525,1196150,20052655
28,2009,8688874,3431507,2508423,1155374,21411401
28,2010,8697030,3423872,2444323,1071525,22045593
28,2011,8690636,3460175,2410401,958255,22516389
28,2012,8692762,3513236,2330720,867445,23129786
28,2013,8690816,3507275,2318537,817618,24047027
28,2014,8694248,3506454,2333046,871304,23810058
28,2015,8692367,3510800,2336023,1067720,23580256
28,2016,8692234,3526771,2328146,981148,24214048
28,2017,8707582,3504289,2324625,1029120,25114040
28,2018,8700312,3619085,2271467,960372,26115071
28,2019,8704371,3528705,2232245,775006,28276598
28,2020,8708371,3393581,2094584,760185,29902772
28,2021,0,0,0,0,0
28,2022,0,0,0,0,0
28,2023,0,0,0,0,0
28,2024,0,0,0,0,0
29,2000,862930,65890,190210,169935,336245
29,2001,862930,66690,184430,161015,377602
29,2002,862930,66878,183905,160678,369730
29,2003,862930,74893,179350,160223,369927
29,2004,862930,76129,178370,157412,380256
29,2005,862930,75444,176784,157847,386796
29,2006,862930,74656,177074,158159,405842
29,2007,862930,77559,174826,186454,399878
29,2008,862930,98174,180764,162892,401791
29,2009,862930,89168,149581,160293,486406
29,2010,862930,89470,155430,154943,452471
29,2011,862930,95159,159365,147400,474339
29,2012,862930,95179,163942,149520,488522
29,2013,862930,95358,163167,149607,499311
29,2014,862930,95378,160638,149342,500073
29,2015,862930,95446,160842,149794,503743
29,2016,862930,95491,156131,153078,521316
29,2017,862930,95530,156141,153188,530102
29,2018,862930,112109,134919,159558,528994
29,2019,862930,115160,132530,159533,529589
29,2020,862930,118203,128735,158850,532020
29,2021,0,0,0,0,0
29,2022,0,0,0,0,0
29,2023,0,0,0,0,0
29,2024,0,0,0,0,0
30,2000,125473,37137,57302,0,171356
30,2001,125473,37137,57302,0,168128
30,2002,125473,37137,57043,0,163846
30,2003,125473,37137,57043,0,168634
30,2004,125473,37137,56820,8072,169200
30,2005,125473,37137,54600,7122,170327
30,2006,125473,37137,54714,6750,172108
30,2007,0,0,0,0,0
30,2008,125473,37137,54418,9484,165953
30,2009,125473,37137,54418,12498,160320
30,2010,125473,37137,54418,13065,159916
30,2011,125473,37137,54418,12263,163992
30,2012,125473,37137,54418,12200,162505
30,2013,125473,37137,54418,14879,157852
30,2014,125473,37137,54418,14842,157702
30,2015,125473,37137,54418,13976,157332
30,2016,125473,37137,54418,13947,154720
30,2017,125473,37137,54418,14954,151957
30,2018,125473,37137,54418,16393,149848
30,2019,125473,93827,6666,8475,146540
30,2020,0,0,0,0,0
30,2021,0,0,0,0,0
30,2022,0,0,0,0,0
30,2023,0,0,0,0,0
30,2024,0,0,0,0,0
31,2000,0,0,0,0,0
31,2001,0,0,0,0,0
31,2002,0,0,0,0,0
31,2003,0,0,0,0,0
31,2004,0,0,0,0,0
31,2005,0,0,0,0,0
31,2006,0,0,0,0,0
31,2007,0,0,0,0,0
31,2008,0,0,0,0,0
31,2009,0,0,0,0,0
31,2010,0,0,0,0,0
31,2011,0,0,0,0,0
31,2012,0,0,0,0,0
31,2013,0,0,0,0,0
31,2014,0,0,0,0,0
31,2015,0,0,0,0,0
31,2016,0,0,0,0,0
31,2017,0,0,0,0,0
31,2018,0,0,0,0,0
31,2019,0,0,0,0,0
31,2020,0,0,0,0,0
31,2021,0,0,0,0,0
31,2022,0,0,0,0,0
31,2023,0,0,0,0,0
31,2024,0,0,0,0,0
32,2000,0,0,0,0,0
32,2001,2239481,1322625,527028,2358995,1836176
32,2002,2239481,1322625,527028,2344995,1807322
32,2003,2239481,1322625,527028,2315466,1749675
32,2004,2239481,1319021,525975,2409676,1637009
32,2005,2239481,1321421,525975,2477338,1548319
32,2006,2151670,1251297,516898,2224829,1562618
32,2007,2239481,1318593,535539,2340697,1675255
32,2008,1103036,1121757,1706187,79169,946127
32,2009,2239481,1332421,538912,2608895,1399235
32,2010,2239481,1332421,538912,2773895,1249163
32,2011,2239481,1338982,563537,2578174,1430386
32,2012,2239481,1281426,564841,2478342,1657035
32,2013,2239481,1273797,564940,2508272,1671887
32,2014,2239481,1273797,564940,2507342,1553691
32,2015,2239481,1301904,578535,2464561,1811552
32,2016,2239481,1252962,564548,2461823,2044966
32,2017,2239481,1280882,616169,2389740,2032878
32,2018,2239481,1284553,652616,2512858,1824468
32,2019,2239481,1319918,642814,2476429,1759601
32,2020,2239481,1279611,662571,2459927,1803092
32,2021,0,0,0,0,0
32,2022,0,0,0,0,0
32,2023,0,0,0,0,0
32,2024,0,0,0,0,0
33,2000,0,0,0,0,0
33,2001,0,0,0,0,0
33,2002,0,0,0,0,0
33,2003,2660600,4259109,6269106,3682903,21664038
33,2004,0,0,0,0,0
33,2005,0,0,0,0,0
33,2006,0,0,0,0,0
33,2007,0,0,0,0,0
33,2008,0,0,0,0,0
33,2009,0,0,0,0,0
33,2010,0,0,0,0,0
33,2011,0,0,0,0,0
33,2012,0,0,0,0,0
33,2013,0,0,0,0,0
33,2014,0,0,0,0,0
33,2015,0,0,0,0,0
33,2016,0,0,0,0,0
33,2017,0,0,0,0,0
33,2018,0,0,0,0,0
33,2019,2769790,4378847,5412194,3697764,27515432
33,2020,0,0,0,0,0
33,2021,0,0,0,0,0
33,2022,0,0,0,0,0
33,2023,0,0,0,0,0
33,2024,0,0,0,0,0
34,2000,2133617,2461712,730409,2362290,6338109
34,2001,2131726,2475677,776632,2434795,6226457
34,2002,2131604,2490262,785198,2993927,5191108
34,2003,2122041,2622731,775893,2816824,5316027
34,2004,2122069,2633839,777661,2396065,5889069
34,2005,2110703,2641934,753321,2276848,6032718
34,2006,2106113,2662185,732628,2399647,5842790
34,2007,2105818,2661424,718041,2479443,5815174
34,2008,2105906,2664505,702415,2510923,5824248
34,2009,2126672,2665943,689197,2659118,5571718
34,2010,2125475,2666287,692586,2595110,5752664
34,2011,0,0,0,0,0
34,2012,2125475,2672415,687138,3003848,5139832
34,2013,2125475,2678336,682571,2832872,5897472
34,2014,2125475,2687896,668817,2731910,5994501
34,2015,2156574,2658399,667189,2718272,6074160
34,2016,2156574,2658976,662150,3208392,5128642
34,2017,2156574,2659129,653996,2924856,5729576
34,2018,2156574,2659615,656750,2977755,5672086
34,2019,2156574,2660505,651118,2826622,5942134
34,2020,2156574,2662486,623004,2757756,6155731
34,2021,0,0,0,0,0
34,2022,0,0,0,0,0
34,2023,0,0,0,0,0
34,2024,0,0,0,0,0
35,2000,1865300,3741600,2839600,932000,10497400
35,2001,1865500,3739000,2841800,743800,10791000
35,2002,1853500,3753000,2839000,941200,10630700
35,2003,1853600,3752700,2831000,579300,11421000
35,2004,1853600,3754200,2831000,682400,11256900
35,2005,1860500,3748000,2827700,709600,11494700
35,2006,1833400,3758200,2831800,641900,11807400
35,2007,0,3722600,2815000,528600,12211400
35,2008,1895632,3705719,2809183,478082,12319727
35,2009,1896241,3606006,2938545,523841,12350664
35,2010,1834113,3559303,2808533,499239,12702536
35,2011,1853413,3531805,2764544,546230,12835554
35,2012,0,0,0,0,0
35,2013,0,0,0,0,0
35,2014,2148515,3774096,2887745,381482,12680090
35,2015,2105583,3471807,2765617,697485,12589723
35,2016,2108758,3449678,2740556,625235,12949351
35,2017,2121361,3471214,2732387,593773,13108020
35,2018,2117653,3492461,2710942,1099573,12233004
35,2019,2118841,3496426,2711527,696590,13815653
35,2020,2051121,3510298,2674498,752014,14722236
35,2021,0,0,0,0,0
35,2022,0,0,0,0,0
35,2023,0,0,0,0,0
35,2024,0,0,0,0,0
36,2000,280224,436958,21931,43637,7940676
36,2001,305566,434133,13410,25650,7941414
36,2002,273663,457590,17535,82778,7772641
36,2003,308461,450873,16970,15961,7906822
36,2004,299353,483409,17015,33391,7930747
36,2005,299531,480393,18243,42518,7867522
36,2006,298002,504118,9984,36403,7860676
36,2007,286541,507128,10250,42168,7869691
36,2008,295302,515921,14836,37464,7912176
36,2009,295061,528013,10834,40392,7875435
36,2010,293848,532807,11643,36595,7883024
36,2011,0,0,0,0,0
36,2012,261929,480113,76358,64186,7870135
36,2013,258489,550027,18616,60410,7847665
36,2014,255638,542131,27540,88566,7857322
36,2015,255759,527619,29743,82332,7871572
36,2016,255408,536283,26688,84219,7804364
36,2017,253092,540242,24695,91112,7778992
36,2018,250285,544983,27155,91451,7850691
36,2019,245537,545151,22315,93088,7837650
36,2020,245333,546457,22450,92910,7834721
36,2021,0,0,0,0,0
36,2022,0,0,0,0,0
36,2023,0,0,0,0,0
36,2024,0,0,0,0,0
